{
  "probe": "p21_zero_action",
  "model": "kundur_cvs_v3",
  "stop_time_s": 60,
  "t_settle_s": 30,
  "wall_time_s": 0.7901824,
  "n_samples_per_logger": 12002,
  "Pm0_per_src_sys_pu": [
    6.9999999991175192,
    7,
    7.1900000000000093,
    -0.3690905011165817,
    -0.36909050111650982,
    -0.36909050111621261,
    -0.36909050111682484
  ],
  "src_names": [
    "G1",
    "G2",
    "G3",
    "ES1",
    "ES2",
    "ES3",
    "ES4"
  ],
  "omega_min_steady": [
    0.999999857391475,
    0.9999998805105953,
    0.99999592565944484,
    0.99999935417572,
    0.99999528441056618,
    0.99995143407450515,
    0.99995837501992524
  ],
  "omega_max_steady": [
    1.0000001444638564,
    1.0000001209776415,
    1.0000040327004287,
    1.0000007344976363,
    1.0000049151669455,
    1.0000460226625985,
    1.0000437505809394
  ],
  "omega_end": [
    1.0000000007373306,
    1.0000000003701837,
    0.999999849165191,
    1.0000000103056905,
    0.99999969962910817,
    0.99999888781825652,
    0.99999864250239912
  ],
  "delta_max_abs_rad_full": [
    0.97877590245469048,
    0.90510083836933619,
    0.43501647992467057,
    0.66316841386376124,
    0.028369122839821258,
    0.19487524487190436,
    0.075977688160232731
  ],
  "pe_dev_max_steady_pu": [
    0.00010626749296616111,
    8.890265402516917E-5,
    0.0027066272489530974,
    0.00020680158397895498,
    0.0015729284997887949,
    0.012492110686941282,
    0.014089271620326527
  ],
  "pe_dev_pct_max_steady": [
    1.518107042565116E-5,
    1.2700379146452739E-5,
    0.00037644328914507563,
    0.000560300477398724,
    0.0042616336509084876,
    0.033845657499074977,
    0.038172945599233878
  ],
  "kick_omega_min_full": [
    0.99849779465932709,
    0.99866155773232068,
    0.99906481088578281,
    0.996427859852051,
    0.99996969325346241,
    0.99814540040248245,
    0.99929736803422753
  ],
  "kick_omega_max_full": [
    1.0032809585310187,
    1.003288089191855,
    1.0012661053528764,
    1.0031775086824575,
    1.0000295571374749,
    1.0014939401813758,
    1.0007028028722145
  ],
  "kick_pe_dev_max_full": [
    2.2925483145403343,
    2.7562003969976283,
    1.3805560156380743,
    0.83781802468957567,
    0.00899545807024682,
    0.56480477032811893,
    0.22000397431497232
  ],
  "common_mode_drift_pu": 5.8738051030848837E-6,
  "gates": {
    "omega_in_band": true,
    "delta_safe": true,
    "pe_within_5pct": true,
    "common_mode_drift_ok": true,
    "all_pass": true
  },
  "gate_def": {
    "omega_band": "[0.999, 1.001] over [t_settle, t_end]",
    "delta_safe": "|delta| < pi/2 - 0.05 = 1.5208 rad full window",
    "pe_within_5pct": "|Pe - Pm0| / |Pm0| < 0.05 over [t_settle, t_end]",
    "common_mode_drift": "|<omega>(t_end) - <omega>(t_settle)| < 2e-4 pu"
  }
}