{
  "schema_version": 3,
  "source": "compute_kundur_cvs_v3_powerflow",
  "source_hash": "sha256:6f1763e3e40508f1b295bac4d0a4182253d8a1f3ab419f268e229448cfe831ab",
  "timestamp": "2026-04-28T03:34:16+08:00",
  "topology_variant": "v3_paper_kundur_15bus_w2_at_bus8_ls1_preengaged",
  "decisions": {
    "q1_ess_dispatch": "(a) preserve paper dispatch; ESS group absorbs surplus",
    "q2_wind_model": "(a) const-power PVS; no Type-3/4"
  },
  "powerflow": {
    "converged": true,
    "outer_iterations": 9,
    "inner_iterations_total": 45,
    "max_mismatch_pu": 6.9055872131684737E-13,
    "closure_ok": true,
    "closure_residual_pu": 1.0679424011783567E-10,
    "closure_tolerance_pu": 0.001,
    "closure_residual_origin": "aggregate_balance_const_PQ_load_NR_to_constZ_build_residual",
    "g1_residual_pu": 1.0716139087207921E-10,
    "g1_target_sys_pu": 7
  },
  "global_balance": {
    "p_gen_paper_sys_pu": 21.19,
    "p_wind_paper_sys_pu": 8,
    "p_load_total_sys_pu": -29.820000000000004,
    "p_loss_sys_pu": 0.37089946015652553,
    "p_loss_pct_load": 1.2437942996530029,
    "p_ess_total_sys_pu": 1.0008994600497347,
    "p_es_each_sys_pu": 0.25022486501243368,
    "p_es_each_mw": 25.022486501243367,
    "p_es_each_vsg_pu": 0.12511243250621684,
    "no_hidden_slack": true
  },
  "vsg_internal_emf_angle_rad": [
    0.2945397370070687,
    0.094402462624492631,
    0.25103283994993553,
    0.081257205581139108
  ],
  "vsg_terminal_voltage_mag_pu": [
    1,
    1,
    1,
    1
  ],
  "vsg_terminal_voltage_angle_rad": [
    0.19437772873184839,
    0.058783703366814544,
    0.08665253819335661,
    0.035212315338472522
  ],
  "vsg_pm0_pu": [
    0.25022486501235736,
    0.25022486501202895,
    0.250224865012469,
    0.25022486501236463
  ],
  "vsg_pe_target_pu": [
    0.25022486501235736,
    0.25022486501202895,
    0.250224865012469,
    0.25022486501236463
  ],
  "vsg_emf_mag_pu": [
    0.87745069380225749,
    1.0114906529201382,
    0.77807635677181031,
    0.98684379339669981
  ],
  "sg_names": [
    "G1",
    "G2",
    "G3"
  ],
  "sg_internal_emf_angle_rad": [
    0.52212429308169173,
    0.47615395122501109,
    0.29387983702728376
  ],
  "sg_terminal_voltage_mag_pu": [
    1.03,
    1.01,
    1.01
  ],
  "sg_terminal_voltage_angle_rad": [
    0.3490658503988659,
    0.28072621269079029,
    0.11632103602894653
  ],
  "sg_pm0_sys_pu": [
    7.0000000001071614,
    7.0000000000000036,
    7.1900000000000057
  ],
  "sg_emf_mag_pu": [
    1.1598953388666033,
    1.1128854342564682,
    1.1584025788505983
  ],
  "wind_names": [
    "W1",
    "W2"
  ],
  "wind_terminal_voltage_mag_pu": [
    1,
    1
  ],
  "wind_terminal_voltage_angle_rad": [
    0.064817994105499654,
    0.058709101411611841
  ],
  "wind_pref_sys_pu": [
    7,
    1
  ],
  "bus_voltages": {
    "Bus1_G1": {
      "bus_id": 1,
      "v_mag_pu": 1.03,
      "v_ang_rad_pf": 0,
      "v_ang_rad_abs": 0.3490658503988659
    },
    "Bus2_G2": {
      "bus_id": 2,
      "v_mag_pu": 1.01,
      "v_ang_rad_pf": -0.068339637708075593,
      "v_ang_rad_abs": 0.28072621269079029
    },
    "Bus3_G3": {
      "bus_id": 3,
      "v_mag_pu": 1.01,
      "v_ang_rad_pf": -0.23274481436991937,
      "v_ang_rad_abs": 0.11632103602894653
    },
    "Bus4_W1": {
      "bus_id": 4,
      "v_mag_pu": 1,
      "v_ang_rad_pf": -0.28424785629336624,
      "v_ang_rad_abs": 0.064817994105499654
    },
    "Bus5": {
      "bus_id": 5,
      "v_mag_pu": 1.0225389341232716,
      "v_ang_rad_pf": -0.027310975162157993,
      "v_ang_rad_abs": 0.32175487523670793
    },
    "Bus6": {
      "bus_id": 6,
      "v_mag_pu": 1.0068610180605719,
      "v_ang_rad_pf": -0.0971532881239016,
      "v_ang_rad_abs": 0.25191256227496428
    },
    "Bus7_load": {
      "bus_id": 7,
      "v_mag_pu": 1.0002913467970656,
      "v_ang_rad_pf": -0.15478124410556604,
      "v_ang_rad_abs": 0.19428460629329986
    },
    "Bus8_W2": {
      "bus_id": 8,
      "v_mag_pu": 1,
      "v_ang_rad_pf": -0.29035674898725405,
      "v_ang_rad_abs": 0.058709101411611841
    },
    "Bus9_load": {
      "bus_id": 9,
      "v_mag_pu": 1.0000529665628104,
      "v_ang_rad_pf": -0.31393150482556537,
      "v_ang_rad_abs": 0.035134345573300529
    },
    "Bus10": {
      "bus_id": 10,
      "v_mag_pu": 1.0005614079581777,
      "v_ang_rad_pf": -0.26178460690602684,
      "v_ang_rad_abs": 0.087281243492839056
    },
    "Bus12_ES1": {
      "bus_id": 12,
      "v_mag_pu": 1,
      "v_ang_rad_pf": -0.15468812166701751,
      "v_ang_rad_abs": 0.19437772873184839
    },
    "Bus14_ES3": {
      "bus_id": 14,
      "v_mag_pu": 1,
      "v_ang_rad_pf": -0.26241331220550929,
      "v_ang_rad_abs": 0.08665253819335661
    },
    "Bus15_ES4": {
      "bus_id": 15,
      "v_mag_pu": 1,
      "v_ang_rad_pf": -0.31385353506039337,
      "v_ang_rad_abs": 0.035212315338472522
    },
    "Bus16_ES2": {
      "bus_id": 16,
      "v_mag_pu": 1,
      "v_ang_rad_pf": -0.29028214703205135,
      "v_ang_rad_abs": 0.058783703366814544
    }
  },
  "x_v_pu": {
    "sg_internal": 0.033333333333333333,
    "vsg_internal": 0.15,
    "wind_const_power": null
  },
  "physical_invariants_checked": [
    "p_balance_per_bus",
    "global_balance_no_hidden_slack",
    "pi_line_lossy_NR_with_R_jwL_jwC_2",
    "ess_group_distributed_slack_resolved"
  ]
}