{
  "schema_version": 1,
  "source": "compute_kundur_cvs_powerflow",
  "source_hash": "sha256:c63055590dcaeeeb8c4e8c54440e356edad00d453f88a79e055888688ca2263a",
  "timestamp": "2026-04-25T18:36:28+08:00",
  "powerflow": {
    "converged": true,
    "max_mismatch_pu": 3.5623194578136988E-15,
    "iterations": 5
  },
  "vsg_internal_emf_angle_rad": [
    0.29392178718956424,
    0.29392178718956424,
    0.1106660725964049,
    0.1106660725964049
  ],
  "vsg_terminal_voltage_mag_pu": [
    1,
    1,
    1,
    1
  ],
  "vsg_terminal_voltage_angle_rad": [
    0.29392178718956424,
    0.29392178718956424,
    0.1106660725964049,
    0.1106660725964049
  ],
  "vsg_pm0_pu": [
    0.5,
    0.5,
    0.5,
    0.5
  ],
  "vsg_pe_target_pu": [
    0.5,
    0.5,
    0.5,
    0.5
  ],
  "bus_voltages": {
    "Bus_V1": {
      "v_mag_pu": 1,
      "v_ang_rad": 0.29392178718956424
    },
    "Bus_V2": {
      "v_mag_pu": 1,
      "v_ang_rad": 0.29392178718956424
    },
    "Bus_V3": {
      "v_mag_pu": 1,
      "v_ang_rad": 0.1106660725964049
    },
    "Bus_V4": {
      "v_mag_pu": 1,
      "v_ang_rad": 0.1106660725964049
    },
    "Bus_A": {
      "v_mag_pu": 0.9961062321655777,
      "v_ang_rad": 0.24370523522669624
    },
    "Bus_B": {
      "v_mag_pu": 0.99699306079198013,
      "v_ang_rad": 0.06049422595665209
    },
    "Bus_INF": {
      "v_mag_pu": 1,
      "v_ang_rad": 0
    }
  },
  "x_v_pu": 0.1,
  "x_tie_pu": 0.3,
  "x_inf_pu": 0.05,
  "physical_invariants_checked": [
    "p_balance_per_bus",
    "pv_bus_ang_eq_internal_delta"
  ]
}