{
  "ts": "2026-04-10T07:45:31.157698+00:00",
  "episode": 9,
  "reward_mean_50": -66074.94763231277,
  "alpha": 0.8674479126930237,
  "settled_rate_50": 0.0,
  "buffer_size": 2192
}