{
  "probe1": {
    "label": "probe1_zero_action",
    "omega_max": [
      1.000004499476983,
      1.0000045038367786,
      1.000004461770976,
      1.0000044617709702
    ],
    "omega_min": [
      1.0,
      1.0,
      1.0,
      1.0
    ],
    "df_max_hz": [
      0.00022497384914998975,
      0.00022519183893177086,
      0.00022308854880082052,
      0.00022308854851216253
    ],
    "df_max_hz_overall": 0.00022519183893177086,
    "rocof_max_hz_per_s": [
      0.000662698032005693,
      0.0004440831102847649,
      0.00024957801381120226,
      0.0002495780293543246
    ],
    "rocof_max_hz_per_s_overall": 0.000662698032005693,
    "delta_max_rad": [
      0.040058231783974226,
      0.040058231401710706,
      0.0400582316975622,
      0.04005823169753704
    ],
    "delta_max_deg": [
      2.2951676159785337,
      2.2951675940764473,
      2.2951676110274897,
      2.2951676110260477
    ],
    "pe_max": [
      0.20006364174297084,
      0.20011500758492676,
      0.19999999999999696,
      0.1999999999999969
    ],
    "pe_min": [
      0.19968012748791378,
      0.19976655518630046,
      0.1998550076352832,
      0.19985500762172714
    ],
    "all_finite": true,
    "clip_violation_omega": false,
    "clip_violation_delta": false,
    "common_mode_drift_pu_per_s": 1.0437834344253124e-07,
    "common_mode_drift_hz_total": 0.00015656751516379686
  },
  "probe2": {
    "label": "probe2_disturbance_reach",
    "omega_max": [
      1.0028202134958755,
      1.0028232827179797,
      1.0027967394067143,
      1.0027967394014146
    ],
    "omega_min": [
      1.0,
      1.0,
      1.0,
      1.0
    ],
    "df_max_hz": [
      0.14101067479377338,
      0.1411641358989857,
      0.13983697033571607,
      0.13983697007072804
    ],
    "df_max_hz_overall": 0.1411641358989857,
    "rocof_max_hz_per_s": [
      0.416191186519003,
      0.27808548503927594,
      0.15624445065532178,
      0.15624446468632036
    ],
    "rocof_max_hz_per_s_overall": 0.416191186519003,
    "delta_max_rad": [
      7.6196840053839345,
      7.599866742355743,
      7.570584731661867,
      7.570584731480078
    ],
    "delta_max_deg": [
      436.5757347318379,
      435.44028919882186,
      433.7625535704059,
      433.76255355999007
    ],
    "pe_max": [
      0.4397091511147298,
      0.27178860178128283,
      0.19999999999999696,
      0.1999999999999969
    ],
    "pe_min": [
      0.19968012748791378,
      0.05376699958423387,
      0.109146278247617,
      0.10914626915215637
    ],
    "all_finite": true,
    "clip_violation_omega": false,
    "clip_violation_delta": true,
    "common_mode_drift_pu_per_s": 0.00018540876088088965,
    "common_mode_drift_hz_total": 0.13905657066066723
  },
  "probe3a_H6": {
    "label": "probe3a_H6",
    "omega_max": [
      1.002917488102194,
      1.0029183907747867,
      1.0028310487502463,
      1.0028310487025263
    ],
    "omega_min": [
      1.0,
      1.0,
      1.0,
      1.0
    ],
    "df_max_hz": [
      0.14587440510970273,
      0.14591953873933639,
      0.1415524375123156,
      0.1415524351263131
    ],
    "df_max_hz_overall": 0.14591953873933639,
    "rocof_max_hz_per_s": [
      1.6624548245412054,
      0.9761279869646908,
      0.4843657919528891,
      0.4843660362397021
    ],
    "rocof_max_hz_per_s_overall": 1.6624548245412054,
    "delta_max_rad": [
      8.494026389396204,
      8.474011665924323,
      8.44396304690574,
      8.44396304690577
    ],
    "delta_max_deg": [
      486.6718631851477,
      485.5251040020874,
      483.8034449521261,
      483.8034449521278
    ],
    "pe_max": [
      0.42788507998143965,
      0.248990314830576,
      0.19999999999999696,
      0.1999999999999969
    ],
    "pe_min": [
      0.19968012748791378,
      0.0601640814798517,
      0.11682650532841586,
      0.11682644459809498
    ],
    "all_finite": true,
    "clip_violation_omega": false,
    "clip_violation_delta": true,
    "common_mode_drift_pu_per_s": 0.0001854466734824663,
    "common_mode_drift_hz_total": 0.13908500511184974
  },
  "probe3b_H30": {
    "label": "probe3b_H30",
    "omega_max": [
      1.0028131712893145,
      1.0028154565918763,
      1.002794371874175,
      1.0027943718705001
    ],
    "omega_min": [
      1.0,
      1.0,
      1.0,
      1.0
    ],
    "df_max_hz": [
      0.14065856446572322,
      0.14077282959381598,
      0.13971859370874862,
      0.1397185935250067
    ],
    "df_max_hz_overall": 0.14077282959381598,
    "rocof_max_hz_per_s": [
      0.33305972081216967,
      0.22566729555251666,
      0.12868479935868313,
      0.12868480797179335
    ],
    "rocof_max_hz_per_s_overall": 0.33305972081216967,
    "delta_max_rad": [
      7.330971978589325,
      7.310865991460645,
      7.28238563234342,
      7.282385632423382
    ],
    "delta_max_deg": [
      420.0337541018388,
      418.88176589642114,
      417.2499615199872,
      417.2499615245686
    ],
    "pe_max": [
      0.44104667882061377,
      0.27449088424628554,
      0.19999999999999696,
      0.1999999999999969
    ],
    "pe_min": [
      0.19968012748791378,
      0.053028907832703594,
      0.10822129885766357,
      0.10822129221761667
    ],
    "all_finite": true,
    "clip_violation_omega": false,
    "clip_violation_delta": true,
    "common_mode_drift_pu_per_s": 0.00018494799418652028,
    "common_mode_drift_hz_total": 0.1387109956398902
  },
  "h_sensitivity_at_d18": {
    "df_ratio_h6_over_h30": 1.0365603871171067,
    "rocof_ratio_h6_over_h30": 4.991461652844996
  },
  "probe4a_H6_D3": {
    "label": "probe4a_H6_D3",
    "omega_max": [
      1.0167020719926203,
      1.0166851747360612,
      1.016645881931636,
      1.016645881988919
    ],
    "omega_min": [
      1.0,
      1.0,
      1.0,
      1.0
    ],
    "df_max_hz": [
      0.8351035996310152,
      0.8342587368030618,
      0.8322940965817982,
      0.8322940994459516
    ],
    "df_max_hz_overall": 0.8351035996310152,
    "rocof_max_hz_per_s": [
      1.6644810927199631,
      1.2161892192708281,
      0.754415006263292,
      0.7544155874939112
    ],
    "rocof_max_hz_per_s_overall": 1.6644810927199631,
    "delta_max_rad": [
      42.1395940397803,
      42.11853029190758,
      42.09041041512433,
      42.09041042952935
    ],
    "delta_max_deg": [
      2414.42088887405,
      2413.214025020216,
      2411.6028747601076,
      2411.6028755854545
    ],
    "pe_max": [
      0.4482712238850753,
      0.2896394753149134,
      0.19999999999999696,
      0.1999999999999969
    ],
    "pe_min": [
      0.19968012748791378,
      0.049232514833090844,
      0.10311447092101779,
      0.10311439114894633
    ],
    "all_finite": true,
    "clip_violation_omega": false,
    "clip_violation_delta": true,
    "common_mode_drift_pu_per_s": 0.0011038190405704197,
    "common_mode_drift_hz_total": 0.8278642804278147
  },
  "probe4b_H30_D3": {
    "label": "probe4b_H30_D3",
    "omega_max": [
      1.0109117260279927,
      1.0105214013992998,
      1.010512617164484,
      1.0105126169271557
    ],
    "omega_min": [
      1.0,
      1.0,
      1.0,
      1.0
    ],
    "df_max_hz": [
      0.5455863013996365,
      0.5260700699649901,
      0.525630858224202,
      0.525630846357783
    ],
    "df_max_hz_overall": 0.5455863013996365,
    "rocof_max_hz_per_s": [
      0.33348531265267434,
      0.2500913953662529,
      0.15960174580609618,
      0.15960175766771897
    ],
    "rocof_max_hz_per_s_overall": 0.33348531265267434,
    "delta_max_rad": [
      19.369200965915315,
      19.34726888040544,
      19.334445940659506,
      19.334445941563125
    ],
    "delta_max_deg": [
      1109.773467887665,
      1108.5168519520294,
      1107.7821516236365,
      1107.7821516754102
    ],
    "pe_max": [
      0.45086165622606084,
      0.2952671664102969,
      0.19999999999999696,
      0.1999999999999969
    ],