{
  "ts": "2026-04-10T05:17:29.418400+00:00",
  "episode": 0,
  "reward_mean_50": -9530.375173568726,
  "alpha": 1.0,
  "settled_rate_50": 0.0,
  "buffer_size": 80
}