{
  "calibration_episodes": 20,
  "_calibrated": false,
  "_calibration_data": {},
  "_episode_rewards": [
    -9530.375173568726
  ],
  "_reward_components": [
    {
      "r_f": -9523.141796539523,
      "r_h": -3.339688092470169,
      "r_d": -3.893670469522476
    }
  ],
  "_action_stats": [
    {
      "per_agent_std": [
        0.5440826416015625,
        0.5997389554977417,
        0.6058677434921265,
        0.6073180437088013,
        0.5736627578735352,
        0.5965518951416016,
        0.5050367712974548,
        0.6249860525131226
      ],
      "per_agent_mean": [
        0.03955434262752533,
        0.01918856054544449,
        -0.25446194410324097,
        0.10817619413137436,
        0.18815425038337708,
        -0.06451956927776337,
        0.02005019783973694,
        -0.08949963003396988
      ],
      "saturation_ratio": 0.04375
    }
  ],
  "_env_health": [
    {
      "tds_failed": true,
      "max_freq_deviation_hz": 10.090313079386037
    }
  ],
  "_trigger_history": [],
  "_per_agent_rewards": [
    {
      "0": -8989.511596679688,
      "1": -10516.204284667969,
      "2": -10503.804084777832,
      "3": -10293.143341064453,
      "4": -9797.33578491211,
      "5": -8928.65200805664,
      "6": -8802.097305297852,
      "7": -8412.252983093262
    }
  ],
  "_sac_losses": [],
  "_best_reward": -9530.375173568726,
  "_best_episode": 0,
  "_early_stop_best_reward": -Infinity,
  "_early_stop_best_ep_idx": 0,
  "_last_trigger_ep": {},
  "_user_checks": {}
}