{
  "episode_rewards": [
    -9530.375173568726
  ],
  "eval_rewards": [],
  "critic_losses": [],
  "policy_losses": [],
  "alphas": [],
  "physics_summary": [
    {
      "max_freq_dev_hz": 10.090313079386037,
      "mean_freq_dev_hz": 4.471175837201977,
      "settled": false,
      "max_power_swing": 2.6428478973750402
    }
  ]
}