{
  "ts": "2026-04-10T05:19:56.549380+00:00",
  "episode": 0,
  "reward_mean_50": -27396.673811912537,
  "alpha": 1.0,
  "settled_rate_50": 0.0,
  "buffer_size": 120
}