{
  "calibration_episodes": 20,
  "_calibrated": false,
  "_calibration_data": {},
  "_episode_rewards": [
    -27396.673811912537
  ],
  "_reward_components": [
    {
      "r_f": -27386.20906784983,
      "r_h": -5.18887485563755,
      "r_d": -5.27591660618782
    }
  ],
  "_action_stats": [
    {
      "per_agent_std": [
        0.6143831014633179,
        0.5962268114089966,
        0.5473095178604126,
        0.575629472732544,
        0.5697190761566162,
        0.533705472946167,
        0.6299895644187927,
        0.5682778358459473
      ],
      "per_agent_mean": [
        -0.1643224060535431,
        -0.13941967487335205,
        0.07968086749315262,
        0.034357793629169464,
        0.17658117413520813,
        0.3386375904083252,
        0.09374304860830307,
        0.09886831045150757
      ],
      "saturation_ratio": 0.058333333333333334
    }
  ],
  "_env_health": [
    {
      "tds_failed": true,
      "max_freq_deviation_hz": 11.10586743518693
    }
  ],
  "_trigger_history": [],
  "_per_agent_rewards": [
    {
      "0": -28419.775924682617,
      "1": -25765.715881347656,
      "2": -24979.152618408203,
      "3": -27307.23932647705,
      "4": -24797.56600189209,
      "5": -27705.24575805664,
      "6": -26776.533058166504,
      "7": -33422.16192626953
    }
  ],
  "_sac_losses": [],
  "_best_reward": -27396.673811912537,
  "_best_episode": 0,
  "_early_stop_best_reward": -Infinity,
  "_early_stop_best_ep_idx": 0,
  "_last_trigger_ep": {},
  "_user_checks": {}
}