{
  "ts": "2026-04-10T08:31:47.994292+00:00",
  "episode": 9,
  "reward_mean_50": -67824.75320525169,
  "alpha": 0.5904958844184875,
  "settled_rate_50": 0.0,
  "buffer_size": 4000
}